{"Sun": {"mass": 1.989e+30, "position": [1658.7835101471615, 3036398.070603915], "velocity": [-0.03675310447634633, 0.01316029846196006]}, "Earth": {"mass": 5.972e+24, "position": [149047535096.8376, -72143211766.7767], "velocity": [12240.777763471666, 25396.906624106075]}}